<?xml version="1.0" encoding="UTF-8" standalone="yes"?>
<session format-version="1">
    <operation>
        <id>0</id>
        <name>
            <id>operation-definition-id-import</id>
            <display-name>Import data</display-name>
            <description>Import data.</description>
        </name>
        <source-code-file>source-code-0-operation-definition-id-import.txt</source-code-file>
        <output>1</output>
        <category>Import</category>
    </operation>
    <operation>
        <id>1</id>
        <name>
            <id>stat-one-group.R</id>
            <display-name>One sample tests</display-name>
            <description>Tests whether genes are differentially expressed, i.e., whether their expression is significantly different from the expected.</description>
        </name>
        <source-code-file>source-code-1-stat-one-group.R.txt</source-code-file>
        <input>
            <name>
                <id>normalized.tsv</id>
                <display-name>normalized.tsv</display-name>
            </name>
            <data>1</data>
        </input>
        <output>2</output>
        <parameter>
            <name>
                <id>test</id>
                <display-name>test</display-name>
                <description>Test type</description>
            </name>
            <value>t-test</value>
        </parameter>
        <parameter>
            <name>
                <id>scale.to.same.mean</id>
                <display-name>scale.to.same.mean</display-name>
                <description>Scale the data to the same mean before filtering</description>
            </name>
            <value>yes</value>
        </parameter>
        <parameter>
            <name>
                <id>p.value.adjustment.method</id>
                <display-name>p.value.adjustment.method</display-name>
                <description>Multiple testing correction method</description>
            </name>
            <value>BH</value>
        </parameter>
        <parameter>
            <name>
                <id>p.value.threshold</id>
                <display-name>p.value.threshold</display-name>
                <description>P-value cut-off for significant results</description>
            </name>
            <value>0.05</value>
        </parameter>
        <parameter>
            <name>
                <id>assumed.mean</id>
                <display-name>assumed.mean</display-name>
                <description>Assumed mean of the data</description>
            </name>
            <value>0.0</value>
        </parameter>
        <category>Statistics</category>
        <categoryColor>#e7881c</categoryColor>
        <module>microarray</module>
    </operation>
    <folder>
        <name>Datasets</name>
        <id>0</id>
        <child>1</child>
        <child>2</child>
    </folder>
    <data>
        <name>sd-filter.tsv</name>
        <id>1</id>
        <folder>0</folder>
        <result-of>0</result-of>
        <storage-type>LOCAL_SESSION</storage-type>
        <url>file:#file-0</url>
        <cache-url>http://chipster-filebroker.csc.fi:8220/user-data/865a0289-0b98-4777-acd6-31997f16ac31</cache-url>
        <notes></notes>
    </data>
    <data>
        <name>one-sample.tsv</name>
        <id>2</id>
        <folder>0</folder>
        <result-of>1</result-of>
        <storage-type>LOCAL_SESSION</storage-type>
        <url>file:#file-1</url>
        <cache-url>http://chipster-filebroker.csc.fi:8220/user-data/5a8db566-9dc5-4086-a945-c6d83e805a13</cache-url>
        <link>
            <target>1</target>
            <type>DERIVATION</type>
        </link>
        <notes></notes>
    </data>
</session>
