<!--
  ~ Version: MPL 1.1/GPL 2.0/LGPL 2.1
  ~
  ~ "The contents of this file are subject to the Mozilla Public License
  ~ Version 1.1 (the "License"); you may not use this file except in
  ~ compliance with the License. You may obtain a copy of the License at
  ~ http://www.mozilla.org/MPL/
  ~
  ~ Software distributed under the License is distributed on an "AS IS"
  ~ basis, WITHOUT WARRANTY OF ANY KIND, either express or implied. See the
  ~ License for the specific language governing rights and limitations under
  ~ the License.
  ~
  ~ The Original Code is ICEpdf 4.1 open source software code, released
  ~ May 1st, 2009. The Initial Developer of the Original Code is ICEsoft
  ~ Technologies Canada, Corp. Portions created by ICEsoft are Copyright (C)
  ~ 2004-2010 ICEsoft Technologies Canada, Corp. All Rights Reserved.
  ~
  ~ Contributor(s): _____________________.
  ~
  ~ Alternatively, the contents of this file may be used under the terms of
  ~ the GNU Lesser General Public License Version 2.1 or later (the "LGPL"
  ~ License), in which case the provisions of the LGPL License are
  ~ applicable instead of those above. If you wish to allow use of your
  ~ version of this file only under the terms of the LGPL License and not to
  ~ allow others to use your version of this file under the MPL, indicate
  ~ your decision by deleting the provisions above and replace them with
  ~ the notice and other provisions required by the LGPL License. If you do
  ~ not delete the provisions above, a recipient may use your version of
  ~ this file under either the MPL or the LGPL License."
  ~
  -->

<project name="build.common" >

    <property name="build.dir" location="./build"/>
    <property name="dist.dir" location="./dist"/>
    <property name="src.dir" location="./src"/>

    <property name="build.classes.dir" location="${build.dir}/classes"/>
    <property name="build.lib.dir" location="../lib"/>

    <property name="compile.source" value="1.5"/>
    <property name="compile.target" value="1.5"/>
    <property name="compile.debug" value="true"/>

    <property name="productinfo.file" value="ProductInfo.java"/>
    <property name="company" value="ICEsoft Technologies, Inc."/>
    <property name="product" value="ICEpdf"/>
    <property name="version.primary" value="x"/>
    <property name="version.secondary" value="x"/>
    <property name="version.tertiary" value="x"/>
    <property name="release.type" value="x"/>
    <property name="revision" value="x"/>
    <property name="build.number" value="x"/>

    <patternset id="icepdf.lib.batik.jars"
                includes="
                batik-awt-util.jar
                batik-dom.jar
                batik-svg-dom.jar
                batik-svggen.jar
                batik-util.jar
                batik-xml.jar
                "
            />

    <path id="compile.run.classpath">
        <pathelement location="${build.classes.dir}"/>
        <fileset dir="${build.lib.dir}" >
            <patternset refid="icepdf.lib.batik.jars"/>
        </fileset>
    </path>

    <macrodef name="clean">
        <sequential>
            <delete includeemptydirs="true" quiet="true">
                <fileset dir="${build.dir}"/>
                <fileset dir="${dist.dir}"/>
             </delete>
        </sequential>
    </macrodef>

    <macrodef name="compile" >
        <attribute name="src.copy.excludes" default=""/>
        <attribute name="failonerror" default="true"/>
        <attribute name="src.javac.excludes" default=""/>
        <element name="add.javac.elements" optional="true"/>

        <sequential>
            <mkdir dir="${build.classes.dir}"/>

            <javac destdir="${build.classes.dir}" sourcepath=""
                   source="${compile.source}" target="${compile.target}"
                   debug="${compile.debug}" failonerror="@{failonerror}" >
                <src location="${src.dir}"/>
                <include name="**/*.java"/>
                <exclude name="@{src.javac.excludes}" />
                <classpath refid="compile.run.classpath"/>
                <add.javac.elements/>
            </javac>

        </sequential>
    </macrodef>

    <macrodef name="build.jar">
        <attribute name="jar.file.name" default="${ant.project.name}.jar"/>

        <element name="add.jar.src.includes" optional="true"/>
        <element name="add.manifest.elements" optional="true"/>

        <sequential>
            <delete file="${dist.dir}/@{jar.file.name}"/>
            <mkdir dir="${dist.dir}"/>
            <jar destfile="${dist.dir}/@{jar.file.name}" duplicate="fail" >
                <fileset dir="${build.classes.dir}" />
                <fileset dir="${src.dir}">
                    <add.jar.src.includes />
                </fileset>
                <manifest>
                    <add.manifest.elements />
                    <!-- ICEpdf version information -->
                    <section name="org.icepdf.pdf">
                        <attribute name="Implementation-Title"
                                   value="${product}"/>
                        <attribute name="Implementation-Version"
                                   value="${release.type} ${version.primary}.${version.secondary}.${version.tertiary}_${build.number} (${buildtime})"/>
                        <attribute name="Implementation-Vendor"
                                   value="${company}"/>
                    </section>
                </manifest>
            </jar>
        </sequential>
    </macrodef>

</project>
