<?xml version="1.0"  encoding="ISO-8859-1"?>
<!DOCTYPE Configure PUBLIC "-//Mort Bay Consulting//DTD Configure//EN" "http://jetty.mortbay.org/configure.dtd">

<!--
Configure a custom context for the javadoc.

This context contains only a ServletHandler with a default servlet
to serve static html files and images.
-->

<Configure class="org.mortbay.jetty.servlet.Context">
  <Call class="org.mortbay.log.Log" name="debug"><Arg>Configure javadoc.xml</Arg></Call>
  <Set name="contextPath">/javadoc</Set>
  <Set name="resourceBase"><SystemProperty name="jetty.home" default="."/>/javadoc/</Set>
  <Set name="welcomeFiles">
    <Array type="String">
      <Item>index.html</Item>
      <Item>contents.html</Item> <!-- the index if javadoc not generated -->
    </Array>
  </Set>
  <Call name="addServlet">
    <Arg>org.mortbay.jetty.servlet.DefaultServlet</Arg>
    <Arg>/</Arg>
  </Call>

</Configure>
